{
  "nsl_attack_threshold": 0.06,
  "selection": {
    "threshold": 0.06,
    "precision": 0.968848124276979,
    "recall": 0.9999147194269146,
    "f1_score": 0.9841363102232668,
    "f2_score": 0.9935430295224216,
    "selection_reason": "max recall with precision >= 0.80"
  }
}